{"cameraMode":{"drawMode":0,"name":"Shaded","section":"Shading Mode"},"sceneLighting":true,"audioPlay":false,"sceneViewState":{"showFog":true,"showMaterialUpdate":false,"showSkybox":true,"showFlares":true,"showImageEffects":true,"showParticleSystems":true},"in2DMode":false,"pivot":{"x":2.332105875015259,"y":2.940626621246338,"z":14.613795280456543},"rotation":{"x":0.25166186690330508,"y":0.06584931910037995,"z":-0.0171660128980875,"w":0.965425431728363},"size":2.510608673095703,"orthographic":true}