{"cameraMode":{"drawMode":0,"name":"Shaded","section":"Shading Mode"},"sceneLighting":true,"audioPlay":false,"sceneViewState":{"showFog":true,"showMaterialUpdate":false,"showSkybox":true,"showFlares":true,"showImageEffects":true,"showParticleSystems":true},"in2DMode":false,"pivot":{"x":2.78271484375,"y":3.6904296875,"z":8.8759765625},"rotation":{"x":0.20897240936756135,"y":-0.1475103348493576,"z":0.03190350905060768,"w":0.9662073850631714},"size":6.3087639808654789,"orthographic":true}