{"cameraMode":{"drawMode":0,"name":"Shaded","section":"Shading Mode"},"sceneLighting":true,"audioPlay":false,"sceneViewState":{"showFog":true,"showMaterialUpdate":false,"showSkybox":true,"showFlares":true,"showImageEffects":true,"showParticleSystems":true},"in2DMode":false,"pivot":{"x":215.3587188720703,"y":123.0,"z":-5.5478515625},"rotation":{"x":0.07492835819721222,"y":0.005983097944408655,"z":-0.0004495752800721675,"w":0.9971709847450256},"size":162.09072875976563,"orthographic":true}