{"cameraMode":{"drawMode":0,"name":"Shaded","section":"Shading Mode"},"sceneLighting":true,"audioPlay":false,"sceneViewState":{"showFog":true,"showMaterialUpdate":false,"showSkybox":true,"showFlares":true,"showImageEffects":true,"showParticleSystems":true},"in2DMode":false,"pivot":{"x":-1.030522346496582,"y":0.6178553104400635,"z":0.010627355426549912},"rotation":{"x":0.29104122519493105,"y":-0.10021841526031494,"z":0.03067212924361229,"w":0.9509526491165161},"size":1.8024587631225587,"orthographic":false}