{"cameraMode":{"drawMode":0,"name":"Shaded","section":"Shading Mode"},"sceneLighting":true,"audioPlay":false,"sceneViewState":{"showFog":true,"showMaterialUpdate":false,"showSkybox":true,"showFlares":true,"showImageEffects":true,"showParticleSystems":true},"in2DMode":false,"pivot":{"x":-7.739017963409424,"y":1.5732388496398926,"z":7.0576934814453129},"rotation":{"x":0.20929864048957826,"y":-0.019066737964749337,"z":0.004081842955201864,"w":0.9776579141616821},"size":2.82273530960083,"orthographic":true}