{"cameraMode":{"drawMode":0,"name":"Shaded","section":"Shading Mode"},"sceneLighting":true,"audioPlay":false,"sceneViewState":{"showFog":true,"showMaterialUpdate":false,"showSkybox":true,"showFlares":true,"showImageEffects":true,"showParticleSystems":true},"in2DMode":false,"pivot":{"x":214.83627319335938,"y":122.43742370605469,"z":1.064453125},"rotation":{"x":0.18483753502368928,"y":-0.03095146082341671,"z":0.005824335850775242,"w":0.9822643399238586},"size":175.87750244140626,"orthographic":true}