{"cameraMode":{"drawMode":0,"name":"Shaded","section":"Shading Mode"},"sceneLighting":true,"audioPlay":false,"sceneViewState":{"showFog":true,"showMaterialUpdate":false,"showSkybox":true,"showFlares":true,"showImageEffects":true,"showParticleSystems":true},"in2DMode":false,"pivot":{"x":271.9405212402344,"y":181.6033935546875,"z":91.22103881835938},"rotation":{"x":0.06234920769929886,"y":0.01646716520190239,"z":-0.0010288347257301212,"w":0.9979184865951538},"size":211.9845733642578,"orthographic":false}