{"cameraMode":{"drawMode":0,"name":"Shaded","section":"Shading Mode"},"sceneLighting":true,"audioPlay":false,"sceneViewState":{"showFog":true,"showMaterialUpdate":false,"showSkybox":true,"showFlares":true,"showImageEffects":true,"showParticleSystems":true},"in2DMode":false,"pivot":{"x":-3.8802428245544435,"y":3.729938507080078,"z":8.711259841918946},"rotation":{"x":0.26764610409736636,"y":-0.23659178614616395,"z":0.06772120296955109,"w":0.931564211845398},"size":7.541325569152832,"orthographic":false}