{"cameraMode":{"drawMode":0,"name":"Shaded","section":"Shading Mode"},"sceneLighting":true,"audioPlay":false,"sceneViewState":{"showFog":true,"showMaterialUpdate":false,"showSkybox":true,"showFlares":true,"showImageEffects":true,"showParticleSystems":true},"in2DMode":false,"pivot":{"x":269.6728820800781,"y":251.81686401367188,"z":26.162109375},"rotation":{"x":0.07283362746238709,"y":-0.0014960085973143578,"z":0.0001092509992304258,"w":0.9973435401916504},"size":295.95440673828127,"orthographic":true}