{"cameraMode":{"drawMode":0,"name":"Shaded","section":"Shading Mode"},"sceneLighting":true,"audioPlay":false,"sceneViewState":{"showFog":true,"showMaterialUpdate":false,"showSkybox":true,"showFlares":true,"showImageEffects":true,"showParticleSystems":true},"in2DMode":false,"pivot":{"x":-0.2764263153076172,"y":0.3322153091430664,"z":13.603589057922364},"rotation":{"x":0.007060589734464884,"y":0.987049400806427,"z":-0.15372417867183686,"w":0.04533573240041733},"size":13.386301040649414,"orthographic":false}