{"cameraMode":{"drawMode":0,"name":"Shaded","section":"Shading Mode"},"sceneLighting":true,"audioPlay":false,"sceneViewState":{"showFog":true,"showMaterialUpdate":false,"showSkybox":true,"showFlares":true,"showImageEffects":true,"showParticleSystems":true},"in2DMode":false,"pivot":{"x":-7.650000095367432,"y":1.6149203777313233,"z":10.640000343322754},"rotation":{"x":0.1479666531085968,"y":0.4592098593711853,"z":-0.07788163423538208,"w":0.8724530935287476},"size":4.140254497528076,"orthographic":false}