{"cameraMode":{"drawMode":0,"name":"Shaded","section":"Shading Mode"},"sceneLighting":true,"audioPlay":false,"sceneViewState":{"showFog":true,"showMaterialUpdate":false,"showSkybox":true,"showFlares":true,"showImageEffects":true,"showParticleSystems":true},"in2DMode":false,"pivot":{"x":-4.765411376953125,"y":2.393798828125,"z":7.3309326171875},"rotation":{"x":0.10167380422353745,"y":0.176603764295578,"z":-0.018344013020396234,"w":0.9788457155227661},"size":1.207764744758606,"orthographic":true}