{"cameraMode":{"drawMode":0,"name":"Shaded","section":"Shading Mode"},"sceneLighting":true,"audioPlay":false,"sceneViewState":{"showFog":true,"showMaterialUpdate":false,"showSkybox":true,"showFlares":true,"showImageEffects":true,"showParticleSystems":true},"in2DMode":false,"pivot":{"x":218.50006103515626,"y":117.35265350341797,"z":-1.5343246459960938},"rotation":{"x":-0.019489053636789323,"y":0.03148886561393738,"z":0.0006141402409411967,"w":0.9993148446083069},"size":160.1803741455078,"orthographic":true}