{"cameraMode":{"drawMode":0,"name":"Shaded","section":"Shading Mode"},"sceneLighting":true,"audioPlay":false,"sceneViewState":{"showFog":true,"showMaterialUpdate":false,"showSkybox":true,"showFlares":true,"showImageEffects":true,"showParticleSystems":true},"in2DMode":false,"pivot":{"x":304.7013854980469,"y":141.37220764160157,"z":0.0},"rotation":{"x":-0.04037047550082207,"y":-0.07636269927024842,"z":-0.0030943641904741527,"w":0.9962582588195801},"size":122.61361694335938,"orthographic":true}