{"cameraMode":{"drawMode":0,"name":"Shaded","section":"Shading Mode"},"sceneLighting":true,"audioPlay":false,"sceneViewState":{"showFog":true,"showMaterialUpdate":false,"showSkybox":true,"showFlares":true,"showImageEffects":true,"showParticleSystems":true},"in2DMode":false,"pivot":{"x":-7.564701080322266,"y":2.354703903198242,"z":6.113379955291748},"rotation":{"x":0.1474321335554123,"y":-0.567482590675354,"z":0.10414423048496247,"w":0.8033589720726013},"size":12.461819648742676,"orthographic":false}